Proporcionamiento,1m$^3$ concreto,hidraulico $f_c$ = 200,kg/cm$^2$ 
Material, Peso kg, Volumen l, Saco (l) 
Cemento,370.253993192,117.54095022,50 kg 
Agua,366.10003755,366.10003755,49.4390397243 
Grava,988.32,732.088888889,98.8630645922 
Arena,598.635357482,378.883137647,51.1653006603 
